L,R,V1,V2,V3,V4,V5,V6,LL
-6.996366959687965,-7.0655681645953194,-22.370761356132018,-22.12032975630845,-15.817180503431812,-11.53870877963163,-9.143665603201063,-8.009277077540288,-5.219672551730583
-6.423760912588184,-6.487443664666956,-20.55928542195564,-20.346990160263562,-14.524021313798618,-10.592349668551194,-8.394372777383245,-7.353319197772275,-4.793484978237014
-6.812548297144614,-6.88038065984925,-21.820158057789463,-21.6288101099549,-15.407346542322093,-11.23106592707969,-8.9012294244371,-7.797783991456508,-5.084892668355566
-6.7347366470086545,-6.802269108078619,-21.58145586035149,-21.439326089999952,-15.240498777414341,-11.100387427024465,-8.798198619155482,-7.7080409658207705,-5.0283054217022585
-6.629565456483968,-6.696688070729618,-21.249270833732584,-21.15999219887909,-15.01803792623649,-10.924992949954888,-8.65937474731497,-7.586934498438383,-4.951393277960517
-6.519100202058591,-6.585914777205956,-20.896306691122156,-20.855112989425656,-14.791122292582802,-10.741580081967992,-8.51362717515886,-7.459728372120226,-4.870616690956436
-6.403977594020389,-6.470583722349739,-20.526282954234286,-20.52387277034069,-14.561607716987213,-10.551631668445353,-8.361834361850768,-7.32715767372845,-4.786448844296111
-6.283378865839824,-6.349856888788729,-20.137759522577582,-20.163582211594424,-14.326533607159252,-10.354396462255687,-8.20299532601839,-7.188295806453492,-4.698274743975276
-6.15609449877354,-6.222498110053249,-19.727629777270472,-19.772133179769195,-14.080239644659903,-10.148673329195606,-8.035630335525171,-7.041775383668304,-4.605184652002694
-6.020438005090209,-6.086784817454076,-19.29094810048536,-19.346598995678455,-13.814695385938546,-9.93266260886178,-7.857680272803211,-6.885692263362498,-4.505908724599567
-4.534129370771254,-3.812632437170458,-16.785059392152384,-20.298723162414102,-19.381578834847144,-13.194140866438305,-9.396059836715926,-7.781222660349783,-4.78936372096035
-4.691921873256024,-3.8371093500770947,-16.51124545954859,-20.309797091347054,-20.217951516500698,-14.142197825042153,-10.000951921226772,-8.234166004431083,-4.963085886564154
-4.800284916485104,-3.8075588564709006,-15.968969208149119,-19.994711652743238,-20.747714096678443,-15.012391778198843,-10.558440891119846,-8.63838672170811,-5.083738128682829
-4.859788020775431,-3.720449639645531,-15.14134959029168,-19.357470582674413,-20.990255764353865,-15.810494115435993,-11.085488605579574,-9.006587127818076,-5.15396542244203
-4.863217400375449,-3.568946970279458,-13.992171727382647,-18.362505789667637,-20.910507298489904,-16.492165506426968,-11.570249161046089,-9.32958962628938,-5.1637042556569
-4.793566100516437,-3.3371617075876423,-12.454365708025326,-16.93875706669777,-20.440252607359728,-16.980889395200265,-11.979582685435131,-9.581723259636505,-5.091296120570902
-4.431867207630923,-2.812911370767998,-9.62007186113063,-14.126173605719874,-18.810127648328084,-16.72831598319716,-11.922939523408889,-9.434152193271828,-4.707963267503446
-3.6313785052872674,-1.8839166796531004,-5.152604531458312,-9.29783192586745,-15.393765381516944,-15.307303409734024,-11.121167598654818,-8.664561702532293,-3.875030035157339
-1.5727537778309137,0.26306605668308136,4.388899309181798,0.7362051568526327,-8.13617825449366,-11.086760655593753,-8.286100973980068,-6.19335291392917,-1.9497034130347575
-0.013175883510961831,1.7155586444792736,9.733206632454477,6.680734262628613,-3.229602954625657,-7.6444024363562715,-5.724276691145035,-4.026070946468723,-0.5984959270819912
1.1566573015332533,2.7639565139588704,13.051519975478145,10.553262878611283,0.4022714690741916,-5.00244461583264,-3.763320525202622,-2.37807429326066,0.3858171312732262
2.1854531149205823,3.6623246062480024,15.595110639518172,13.601475055171449,3.553875474897485,-2.626116158816714,-2.011244616062887,-0.914051620721507,1.2349652871764178
3.1431917282674684,4.478392372660533,17.691562552879937,16.16043854453645,6.428625566682744,-0.3492645289793259,-0.3444672833989143,0.4695311474274308,2.01387561057048
4.1804791717936745,5.319046843564656,19.70989786919102,18.690956618208514,9.545834765558794,2.3402241453209727,1.6024170618083977,2.0634762387328087,2.8679749764484006
6.85540782754165,7.188444893571321,24.568410105422753,25.204616756708543,18.569201459051516,11.104708566851206,7.856372704723289,7.0461618935628625,5.311538250069938
9.672769630670302,9.095180281417244,29.377968134877356,31.633469474439934,27.33696134933115,20.2708322919342,14.851864026107867,12.61199102320996,7.875258665740247
11.281234048468571,10.174703693743881,32.0457035854401,35.25039620830092,32.17670181038482,25.350710924321664,18.92253803189873,15.873330324617871,9.335497135609524
11.860930499157998,10.520350934103577,33.11059412654238,36.90952568617142,34.54214351531295,27.628306595807388,20.53760988008693,17.140543178309784,9.939389687984589
12.365856815000607,10.805263055497456,33.984462229564585,38.2836903680894,36.47547647436507,29.666569782819888,22.04166283093305,18.313222763185536,10.469909215999186
12.810281205521656,11.037841946287703,34.686259050830294,39.40460928762701,38.04864204163642,31.493015529333107,23.473695790544287,19.425321143745638,10.940952550231211
13.173872069049644,11.194493908736693,35.10883361578918,40.172629941618176,39.22431980806755,33.05290311736345,24.80909738438967,20.45988137717238,11.334974190214476
12.884473746887952,10.682107976757633,32.59096545828965,37.93930132395282,38.18783745928569,33.14802375423658,25.18960262616515,20.685778485839204,11.120625681835119
11.032066721462485,8.756957430277737,24.711238790133038,30.159624273584548,32.88526304115001,29.657000132147076,22.677333271356776,18.505354862501964,9.563770206986094
9.824330033372817,7.577208950634094,21.303135278302044,26.74715641503785,30.301640874972392,27.566484656910497,21.026698170145128,17.0851176953845,8.70875700987997
7.579729087264074,5.35587575573286,16.165029632624165,21.578847743369423,26.22813836311601,24.212878205471508,18.308072872673858,14.704788209502613,7.253223825290669
5.402673561632515,3.2094390779115445,11.837434546853759,17.183442424994908,22.62556059609535,21.139781774927844,15.789143533026907,12.491686528479631,5.917241083281834
4.31020536103772,2.1875407379116014,9.184919561919754,14.353344943823096,20.146084041785862,19.07178345605394,14.170254148193596,11.11451692350979,5.114614951230493
2.6234067815000994,0.8136351643874535,5.489085927709352,9.929298695229875,15.182331649928777,14.65476844561952,10.924179627411363,8.458689929971545,3.6987855800773275
-1.0368437245248756,-1.8345800628694986,-1.960881965767436,0.24180117040446775,2.96440741844758,3.198503111642125,2.5509755590401637,1.7448840599416588,0.35059198150994403
-3.555924032987871,-3.6972590428153467,-6.998528581801851,-6.000503839402474,-4.021018235601318,-3.853326887489939,-3.2870381818138643,-2.9862677564611757,-1.8588128982685967
-4.345675157604711,-4.355803256472643,-9.358248720030506,-8.885297867135582,-6.711907895960708,-5.887712267993629,-4.8763534790963226,-4.30730424186661,-2.5987339729596184
-4.789393554296735,-4.754179368910524,-11.152597474850038,-11.015655993267096,-8.482863540985424,-7.037044886598869,-5.716728023831933,-5.014762298077163,-3.053915215149722
-4.961918991817719,-4.895935665973099,-12.346478260922803,-12.44476598933759,-9.613028980943316,-7.7178546314010985,-6.194692772835393,-5.408674634001532,-3.3164095665654125
-3.9222717872241546,-3.8239119090280727,-10.711695535843871,-10.98273534733141,-8.496361448821935,-6.658698139314803,-5.2617481093421645,-4.554322967064239,-2.7863160694757414
-2.944890864212447,-2.821105709284875,-9.699768278120226,-10.08532415274331,-7.727386747176836,-5.828352670222606,-4.498288177446045,-3.8428688662612234,-2.3543260563116313
-2.7493755455750435,-2.6193959005974548,-9.931279311412123,-10.35375565147543,-7.859404772699953,-5.812901072946009,-4.445200873753145,-3.7801733495128107,-2.329463372603075
-2.7156798500411408,-2.5865944477017444,-10.052155053996021,-10.483256508262837,-7.90494694222097,-5.812877056287334,-4.4369956963315085,-3.770438155425245,-2.3288449186823783
-2.697515968432898,-2.569530585490998,-10.209000939645287,-10.650282033070734,-7.983187440638207,-5.836742601767183,-4.448075832069432,-3.7777505865846717,-2.3396858826740816
-2.6822590591850757,-2.555429155127542,-10.363245404677885,-10.816455074352714,-8.06854913517333,-5.865190304130325,-4.4629628284539535,-3.7884841991354468,-2.3533510226948797
-2.6638311805327777,-2.538107706445835,-10.493111282331265,-10.960424713730875,-8.14846789653687,-5.888787075932455,-4.4741337312293865,-3.7960320577615114,-2.3657111769536443
-2.6429226220863926,-2.518005930782781,-10.59945689575564,-11.084673351821992,-8.229365471561415,-5.91134227492092,-4.48425885684316,-3.8025894367744995,-2.378430902723238
-2.6427240472093536,-2.517057781780361,-10.77199264221777,-11.288323572494596,-8.395088497434939,-5.9883829015839405,-4.5348769543684195,-3.8435196454037954,-2.4153382154008485
-2.837646293814168,-2.701733063367947,-11.72368233608648,-12.346860773383526,-9.267050740912278,-6.531949113792375,-4.934794762941035,-4.181971042724105,-2.653403175702109
-3.827361224647671,-3.6253498067912213,-15.76863795738346,-16.93293627770297,-13.077357207345663,-9.01030106848292,-6.7729348326504635,-5.740847026845688,-3.7019012661313186
-4.186488503049668,-3.894708035563103,-16.757297133705197,-18.535212689835042,-14.880875711575156,-10.14542613856693,-7.569690270980544,-6.3971822767891435,-4.1081493861091465
-4.346653877994679,-3.96805678989735,-16.849236105348712,-19.1063188005905,-15.97713032224122,-10.840904900111058,-8.028426566311934,-6.761540832254564,-4.308256521014668
-4.431212122012822,-3.9666174565534247,-16.58535881675353,-19.229590188827746,-16.76997168843706,-11.375381003402985,-8.361192203694467,-7.015727013403682,-4.426744772070376
-4.476161491786754,-3.9254434970242347,-16.12360358281574,-19.08463284942363,-17.368768350906084,-11.829860530001271,-8.629944940695253,-7.212705536868089,-4.4992353025201925
-4.499473249516523,-3.8618701069998216,-15.545921957395585,-18.767435618983534,-17.82528469720292,-12.245640554771077,-8.86660670305862,-7.3795795873165675,-4.5435118230490215
-4.510469691584886,-3.7847546743640215,-14.898010783801563,-18.334087579357334,-18.16520287064359,-12.644963830597092,-9.088992070911146,-7.531297539366988,-4.5690123430212175
-4.5114341679048025,-3.6961245998010694,-14.195388793457335,-17.807387102725293,-18.392537315106622,-13.033686792520815,-9.303138145014959,-7.672711394615771,-4.578274301217686
-4.48451555206541,-3.578682843116054,-13.368701143072066,-17.1173795524457,-18.442018192826925,-13.369533669884193,-9.479786835277451,-7.778578871595535,-4.55345977229282
-4.257317396507937,-3.2667747313189834,-11.703467273087576,-15.497907588103676,-17.701586357344425,-13.24515187143537,-9.316718639524046,-7.590920451441507,-4.319592232184158
-3.2416716149534963,-2.2184182033236577,-6.934185146549898,-10.324055643944822,-13.976053991289657,-11.213962680085977,-7.746172383066341,-6.204790600422505,-3.2782931932245827
-2.828991993674143,-1.7967628557876245,-5.08536897721087,-7.95440308293414,-12.07748067423923,-10.46189626730347,-7.186606589614342,-5.691801614642335,-2.8486399870641055
-2.5994973318206465,-1.5538021641967406,-4.035589109313485,-6.494136317743238,-10.751770296060512,-10.105346119496888,-6.956793773554845,-5.460482635842892,-2.6057246744981595
-2.4477668176446086,-1.3841796425544626,-3.3061277934517803,-5.4349443483351,-9.663689963337946,-9.900346753277683,-6.877961349217617,-5.357674737916964,-2.4417166402269608
-2.3423781810320357,-1.2568369011390617,-2.75729984311586,-4.615609373690716,-8.72119807689335,-9.767054596002964,-6.896899628956838,-5.338789293925888,-2.3244871565826046
-2.2627888093518145,-1.1516731974007737,-2.3011732420940043,-3.9329568620837896,-7.8668181572664295,-9.650101816207043,-6.978609936953477,-5.37567622135065,-2.2336946183869544
-2.1552054162014422,-1.0148366017743207,-1.7058911207839902,-3.144337023202327,-6.941854068963303,-9.427788366346162,-7.037106274850489,-5.397354725480972,-2.1200973692504226
-1.594139009501837,-0.41071995168658715,0.9249500895584838,-0.34872987252073057,-4.6440473137658955,-8.229299501301652,-6.43368397844475,-4.85777930114331,-1.6010127071579874
0.7567966565922313,1.9796524168947978,10.93366102981443,9.828999546850968,2.8166660533175154,-3.3245330169485636,-3.0528605252175613,-1.9548398868817585,0.4773835235080762
1.9227458048327557,3.0223114545632144,14.218668932714493,13.365032409226261,5.999525792692403,-0.6250181697987355,-1.0518840696105105,-0.2911489546370582,1.424815124899143
2.8226152109157545,3.7918999267196747,16.29183741054336,15.669727142853226,8.33076144174453,1.555638420855458,0.5698075337777844,1.0423769331703439,2.141016797730358
3.6325728657726346,4.462243184537985,17.91908624178589,17.52569539332735,10.36227283716201,3.591904491476928,2.090956563637041,2.2829883885945583,2.781294863034999
4.539360935284871,5.173529293179342,19.584369073099495,19.53600784844203,12.7925090478919,6.068141341630523,3.927517967261881,3.7662321634785396,3.5233399614833756
6.7718409749010755,6.761536627269007,23.843639013036075,25.237164743701292,20.459377329233206,13.249202793794582,9.049500383062014,7.859737106929204,5.568335559214383
9.216001191840308,8.473790929482705,28.471919425804415,31.455854188177348,28.587202511587225,21.15454835648221,14.851230016060834,12.484434231509393,7.820626922034433
11.001108086294968,9.721069984682165,31.6925036422978,35.68777034842,33.77182427036109,26.672788184648475,19.225096704270182,15.973372988995042,9.427960394441902
12.69855770920675,10.871857529706347,34.49603757432219,39.31951843161073,38.130789368523835,31.739514249519978,23.62193186262738,19.50109564920566,10.937415042163913
12.400048554195557,10.344245160422611,33.23377394685486,38.48823800889625,38.14939262307383,32.355969943071244,24.260397229455485,19.92222826411484,10.91622350952002
9.86847599213764,7.61794051116354,24.661184437635097,30.197977924231385,32.59709346167375,28.829716462582645,21.703042702230455,17.597286171757048,9.140404854505555
7.020500451640622,4.678830506622805,15.091605411679327,20.719450161431414,25.9904957726189,24.240961075040715,18.260889059654332,14.571670650439316,7.0525066561077425
5.772246489282688,3.4650159402421665,11.654786433939256,17.193425521542444,23.273520351886415,22.0798569868105,16.55642708277935,13.102985215626669,6.1641871142567215
4.7776074654237375,2.5150461708495904,8.754786960847643,14.169069746648837,20.86311124860857,20.180742918625576,15.075689120911692,11.838409343949184,5.403012750354482
3.8642013226561693,1.6588239278025325,6.211847899877243,11.472512601078321,18.60898231818796,18.36968401878524,13.671993590193507,10.64659765149421,4.698309448688701
2.7656249177050323,0.7039427874694587,3.4095528211488704,8.305410141463394,15.509766953116099,15.774485659079557,11.735214596903274,9.038149060676288,3.7958954607723827
0.070774661400927,-1.3042345351720408,-2.5480298650497635,0.6605288273410909,6.075652672214472,7.471863680428343,5.829383438224252,4.277734250270148,1.3181040538963253
-2.112764513716092,-2.9504512516506862,-7.445041460389017,-5.511024703674782,-1.0439690446203163,0.9685872510756371,1.0078340547399607,0.3886374922762954,-0.6665240056638886
-3.8695390149843645,-4.293040043842544,-11.434034723368558,-10.396509238450353,-6.24241292772076,-3.975689578545636,-2.910799397663276,-2.785998948092666,-2.236807655638579
-5.632799578867323,-5.634455400452823,-15.288158659121402,-15.005007956417263,-10.947251972220412,-8.681673408566565,-6.943261213652726,-6.079646757982772,-3.7843576735710815
-5.955990644403472,-5.885640003122113,-16.80061134146139,-16.88036458846741,-12.580003386062454,-9.795743160297826,-7.7808976121483235,-6.767523273211892,-4.191979946801469
-4.5708164623446015,-4.453121067996426,-14.200432246816503,-14.551449203552885,-10.926821775211005,-8.288819767727496,-6.47348497017132,-5.577589467647862,-3.4504792410448037
-3.4454831156053998,-3.2946630632233873,-12.45631185101551,-12.988415797490324,-9.797214300903303,-7.189746930388515,-5.499269719334319,-4.682781933360484,-2.9046081543540136
-3.0581801221359592,-2.890843404721661,-12.36899169253549,-13.003350763997341,-9.863106894866174,-7.057146193185121,-5.3283309155333605,-4.506476431091433,-2.8212782696863696
-3.436167452164214,-3.242473339310518,-14.140083476517416,-14.997588090467426,-11.552676322490624,-8.124204119560387,-6.112256403657759,-5.168375017614537,-3.2824986913936343
-4.191601907900828,-3.907456768428666,-16.974866026739925,-18.519041563694092,-14.748795904209738,-10.175019759200511,-7.607209636438269,-6.424673265884653,-4.111097473365488
-4.397578321567119,-4.022812897302201,-17.267564959239717,-19.369599216455946,-16.050958485974395,-10.987591028237302,-8.15521164574333,-6.865674491751694,-4.36720781244959
-4.499022008939138,-4.03834684074738,-17.087367969241807,-19.620274240990792,-16.924114116592488,-11.553866813637866,-8.51507828599613,-7.144466434010416,-4.506599935896962
-4.554424224122421,-4.010619340626199,-16.697812784848768,-19.57516891132248,-17.570289258631004,-12.012013397452938,-8.79161620292533,-7.350652100690074,-4.59104655299726
-4.583909056756087,-3.9584374007833234,-16.18909780027475,-19.347879808745976,-18.060239418290454,-12.41236424076182,-9.022925816369302,-7.516537066073078,-4.642405263943086
-4.596517636221694,-3.8899048239880103,-15.60189824540576,-18.993474360436593,-18.425605019257286,-12.779027958063788,-9.227478257473136,-7.6575877005134565,-4.670751298174662
-4.595530327231816,-3.807710788423912,-14.95226540304666,-18.536812379034917,-18.677155646007648,-13.121688536268085,-9.413296410102891,-7.780353883484797,-4.679977302350794
-4.574450449827509,-3.705351170566092,-14.216112760347885,-17.95672091874042,-18.790595082529588,-13.425745632619181,-9.570778387752819,-7.876400869946347,-4.6638299917640555
-4.472624581255319,-3.524817279827119,-13.146906283243979,-16.98793649923272,-18.548005554294257,-13.54689601082378,-9.593893920762241,-7.855208671061143,-4.560859858594221
-3.7253286010580178,-2.7269258782919272,-9.418597752556035,-13.101226359710013,-15.930627528515275,-12.146256650720128,-8.48227556197236,-6.8643025892307845,-3.7969950911438213
-2.9070114232754607,-1.9185821830056884,-5.875969781494104,-8.953683416803354,-12.712857538025062,-10.422930747429746,-7.174403902140497,-5.719137190659982,-2.9571236942825827
-2.6084002877371417,-1.6214913726260507,-4.614032166906528,-7.248600734103879,-11.223088196073466,-9.86879463928603,-6.771747096422872,-5.3493274347945325,-2.6461642947422925
-2.4255514905852253,-1.4326890843268583,-3.81706197960887,-6.116336717149362,-10.11906561008168,-9.572236793292081,-6.584212895910279,-5.162083582911033,-2.452915193413741
-2.299607182773087,-1.295983896290326,-3.2401692736197028,-5.270112729008477,-9.202512034323663,-9.390056166444705,-6.508878881817368,-5.069915547943083,-2.3172716457866023
-2.2067449983625673,-1.1892965025076925,-2.7897516879476267,-4.593951820632377,-8.39540945875504,-9.258168057606438,-6.50291702720372,-5.037200634695272,-2.2149684214359415
-2.1338040065781714,-1.1006971629538436,-2.4162821962662298,-4.025244905872354,-7.6573512942102,-9.137210275734306,-6.541674504473405,-5.044244113548427,-2.1327110501945783
-2.0681972918023543,-1.0183625279019646,-2.069830863801082,-3.5061299494808797,-6.9520169991941465,-8.991300632337742,-6.602089218158843,-5.073080818552067,-2.0582978778449155
-1.9667330638232863,-0.8988800095912431,-1.5605162289053722,-2.8419521372188137,-6.148631063874274,-8.723723206564598,-6.61459665519586,-5.066226290114512,-1.9518984682913898
-1.5265249845903828,-0.42814161181971233,0.5100542458576024,-0.6363625977610236,-4.293105221504807,-7.715509893599722,-6.131610770713311,-4.639934649462837,-1.5360960213703907
0.480193861962371,1.6147412774446568,9.29141074153786,8.281350999456839,2.231327522837678,-3.4239727304145933,-3.209512928129882,-2.1371345438518063,0.2727192703126441
1.6897343649988104,2.7050835142486296,13.003878637226782,12.217745499208025,5.585469717752562,-0.5968424769613527,-1.1088522002372863,-0.3914061543608642,1.2748006539675147
2.5889875608289876,3.4778152366310726,15.228850513397775,14.65046685290813,7.9164742245546655,1.5951590809675942,0.5331880656301772,0.957593911351701,1.9987860285748202
3.3729037003639024,4.13104896185532,16.905011318731884,16.52258296740169,9.850847423895736,3.5563560067352693,2.0173673638969114,2.167766426867073,2.6210426201913193
4.118891005299595,4.732965024457064,18.322199089842556,18.151501266675464,11.660389568140921,5.4840093242002395,3.4908382889283653,3.361212492189835,3.21320720033852
5.063996926129845,5.452510371235845,20.035230850226572,20.27542603783643,14.28484714297703,8.161733357499807,5.5035146598530025,4.979689417697476,4.006105287602656
7.5202192354712505,7.190026829259937,24.830808612847154,26.76856023520293,22.960072474625708,16.09985961133167,11.194142530965566,9.530926304256012,6.286358506648352
9.61589488291849,8.660115317942022,28.810179160701946,32.11414671100881,29.802567878879735,22.80279873099714,16.196799751656,13.52189977267645,8.215131063576145
11.156791877865137,9.716447571184117,31.505634817995897,35.70614409681248,34.23338074940365,27.618646045184985,20.068829495776335,16.6067185791141,9.610788990782229
12.290353928863947,10.352129091520927,32.64270725704104,37.57014148278936,37.10047603023234,31.459679645953237,23.504767344957912,19.326843142784668,10.653434586587927
10.461276770213052,8.14857875151422,24.000927046232352,29.403437587762728,32.21073595409894,29.23840412799179,22.298880878754492,18.123723206738347,9.270309407417127
8.316182158816915,5.996408873455513,17.700562961015983,23.201914998148734,27.745287858312416,25.79071073789813,19.57456270154306,15.748900629931288,7.770059082821522
6.822551758576993,4.519410086297841,14.383965342292873,19.901004055946014,25.1873694941145,23.622076460390428,17.810589486274036,14.2053541556564,6.842923727109602
5.789051437696384,3.521376811079459,11.976120169311113,17.412774964535032,23.168266662871044,21.93065579895473,16.460074049853013,13.039583578132557,6.1555198378834275
4.8877686502045705,2.669287413237017,9.486273802991102,14.78853605184577,20.997406862331978,20.192933639107856,15.106647907477877,11.886602020257344,5.469716076412554
3.9356232837753575,1.8017640041771554,6.981257731708431,12.05105804139943,18.5246617646047,18.183005038076434,13.573204654478753,10.595182902304773,4.721331395152331
1.9833057378498327,0.25749330556492933,2.381697801626567,6.318635115656796,11.89672867189164,12.67933439577763,9.631393874866305,7.380184813415522,2.978750963464569
-0.7581141748532304,-1.812889070275559,-3.8927188119531326,-1.7545243275011768,2.303519799972984,4.393734069882729,3.684579137116779,2.573456922367236,0.4506246135940153
-2.57349412604469,-3.212872336875966,-8.16751488057119,-7.022993571819458,-3.3329456326785323,-0.8258142505886961,-0.2781485827096899,-0.633050028827624,-1.188273008757874
-3.881148877016178,-4.149573121367435,-11.208005758410474,-10.805289884524315,-7.34144311787977,-4.847039909128237,-3.532829168492659,-3.248168168610957,-2.4254947444787525
-4.164527276520913,-4.058637629300592,-11.670468644614251,-11.870308163324703,-9.076619476539427,-7.151579795387542,-5.629472359656734,-4.863282589928006,-2.961794910739337
-3.7227239732844484,-3.5750888020039913,-11.587811163351846,-12.015199849396598,-9.204841164516267,-7.060898574655927,-5.484055546847312,-4.6958915907454415,-2.8572304049635697
-3.3658733949973216,-3.1963116553723694,-12.13572938763838,-12.711491885158788,-9.662722290333944,-7.153556255079843,-5.465657701146618,-4.642749797943484,-2.853596768908379
-3.2909716067173784,-3.1173165522756485,-12.629152180558746,-13.251925427508615,-10.01985462194669,-7.303362965554641,-5.548173194351056,-4.701143312915436,-2.9106884991718225
-3.2694864216045265,-3.0964901028203857,-12.822171010814863,-13.470591906446261,-10.166776731727499,-7.356712397386011,-5.578279101999641,-4.723707592585931,-2.9372083186556996
-3.3743763099724373,-3.195957740646711,-13.492539376051074,-14.215691663438438,-10.763035905511309,-7.707549234293516,-5.831666283031299,-4.936707076847069,-3.0927743621090116
-4.3496547900695015,-4.113661743390722,-17.611852941107575,-18.818173359006348,-14.529496056980783,-10.151417450964795,-7.646273052798141,-6.476869836107788,-4.1348916520428025
-4.880860224785856,-4.537596559059402,-19.294551214641928,-21.244341634501495,-17.03625928483839,-11.739492855520561,-8.77391401638893,-7.411760050873965,-4.723614234343471
-5.104471381978751,-4.658707752714095,-19.60276557213858,-22.107116768436143,-18.45306995833777,-12.645641226741223,-9.3782045576653,-7.894984759444962,-4.99456035394541
-5.22341472604444,-4.678932339241967,-19.44793182346691,-22.37789411438937,-19.441507745432855,-13.322756034831547,-9.805781408778769,-8.22460220354242,-5.154544413551304
-5.282490033794922,-4.641805907728261,-19.0230218664731,-22.28750561158389,-20.143059267539854,-13.870884209521886,-10.13386860916986,-8.466858297907633,-5.248972475579096
-5.302696475308455,-4.567341123570337,-18.416432522472252,-21.947170820113623,-20.623500240562837,-14.33689837676728,-10.3992865611237,-8.653179775867224,-5.2988244465391
-5.295987724948767,-4.4667707609383145,-17.6795666918751,-21.42264003114863,-20.920937322725784,-14.747006521751262,-10.623546605358591,-8.80181621725176,-5.315850323994799
-5.269691771070397,-4.3469355986222125,-16.846614352774157,-20.757576128052758,-21.05988618176474,-15.116248874562434,-10.820312933598741,-8.924299296540031,-5.307131595601155
-5.227571997088718,-4.211336881147211,-15.938953692389692,-19.97984708391839,-21.05425154639153,-15.450528384961522,-10.997127542991597,-9.026968246377718,-5.276197320569421
-5.163391846361669,-4.053981529386309,-14.93790773528138,-19.073109302855908,-20.88400676863113,-15.731158080631502,-11.143929141809071,-9.101228819602364,-5.216513003129955
-4.985738090539404,-3.7875186007920068,-13.473152423113955,-17.638876750008727,-20.226612318451103,-15.736963098514126,-11.099707642380524,-9.00996249537949,-5.035040139049987
-3.93877884757614,-2.699542700371775,-8.506887630495532,-12.299024146072007,-16.34204161375821,-13.649014863907473,-9.512272995321625,-7.603608471462576,-3.9630067518337198
-3.2971076769858327,-2.0703515278391253,-5.8129026797284915,-8.911672393007265,-13.493038344479654,-12.300494585898864,-8.552562522993897,-6.750774113464696,-3.3005205349084505
-2.953127061768224,-1.737275131278069,-4.453718006098899,-7.016191419404227,-11.614927501876169,-11.572902289161817,-8.105968613431857,-6.3410923140570485,-2.942136413588376
-2.70745349458561,-1.499735322029316,-3.5143402977986447,-5.657689462845659,-10.07739700653983,-11.017673582669003,-7.833557712049157,-6.083885499237066,-2.684311206452778
-2.5137137521583597,-1.3109421036375888,-2.7817656676934983,-4.591425671375689,-8.749430170619453,-10.52945952807259,-7.6574882729013085,-5.91352643399835,-2.480116157662972
-2.3099934049247124,-1.1082033465239625,-1.9780140155754304,-3.516917828829755,-7.4451584997328695,-9.97425750822949,-7.478615280973226,-5.7468306169975385,-2.270836708852345
-1.7392830499631922,-0.5208680843022284,0.5530200851533807,-0.7684561767546775,-5.0318001639542995,-8.623325574333638,-6.769698259209258,-5.131133291066732,-1.727473456840037
0.3199202245974136,1.544548526986431,9.339463410502052,8.226283282094725,1.7269370932161516,-4.118231803766849,-3.6872087792923,-2.501909946050658,0.13279048329934182
1.5184513972013527,2.6064907423259482,12.919794258543151,12.076929060775138,5.150129832713329,-1.224613564193173,-1.554472815041239,-0.7358066307358748,1.136366362635068
2.4320827661658693,3.380027819590206,15.161088909115106,14.558744300041463,7.608895280159162,1.0767825813121117,0.15120432186640714,0.6614030985931519,1.8833860254777532
3.2254859582760536,4.032468670831526,16.856344292602966,16.469667755457817,9.632333574064543,3.123682194871686,1.6841780746913027,1.9080079744614684,2.522494113337387
3.948071467189798,4.61189258254793,18.227169146727093,18.03873684219012,11.38404366579913,5.01929087488183,3.1267177476717953,3.0740968442989414,3.0981009420598355
4.6505337997635685,5.159111133877188,19.43082405546783,19.449972133779944,13.051774430907972,6.9055934580441605,4.585354574339973,4.247030646389729,3.6579900069876112
5.5652122413097995,5.8334849107752085,20.96401667976223,21.37813632651914,15.543378072556436,9.578755720943146,6.6193864608027315,5.8736811241246425,4.428553874559048
8.01194761006475,7.520676273992473,25.49795471269869,27.53936974548282,24.001031805837602,17.6721828418546,12.467090889449127,10.530692878401153,6.700553026270699
10.076025713410802,8.930146202595015,29.177616411521363,32.53632846664326,30.60890125286222,24.36712013544633,17.55084186477884,14.575597514968656,8.598288763908524
11.526315229826208,9.843464341715759,31.080139321458716,35.36025125055263,34.62000565638013,29.050781777625165,21.465465054870428,17.683163185172052,9.904083072151174
11.384128934086107,9.124522395848064,25.721537697371684,30.774082047853952,33.15476394157277,30.155633944660167,23.077749735250965,18.843795801022463,9.737683908835853
10.215580563389242,7.90757502180575,21.597528793359217,26.901259076710915,30.640267576053823,28.287287427957736,21.647859806431825,17.591227288579503,8.900966386376362
8.02191566897551,5.705774492619548,16.183068022993464,21.637963149435155,26.725982931670714,25.07136256610269,19.029415864557027,15.289997798141613,7.479534482659011
6.274263953025534,3.9677229145080353,12.323332678791079,17.83168969569305,23.7715827136739,22.573293428829164,16.98517764777988,13.493990636674537,6.389709897791991
5.050380983939062,2.770045880763413,10.02078931652429,15.493937975260657,21.847151751906555,20.85920399232482,15.576115773402696,12.260293502906599,5.668380245382325
4.169009998093777,1.9373313764613864,7.584263320357927,12.928197831763939,19.734661744433424,19.1617347360687,14.251965551887979,11.132276233568012,4.9988268242560485
3.2717898414882907,1.121155249851121,5.190552025370912,10.329769099994923,17.42072729093565,17.25391979242681,12.792719362815768,9.905084602162528,4.291572003955366
1.587450876030719,-0.1981584401603348,1.309886602232873,5.58964256055957,11.962937272842442,12.43846766311943,9.320190277888258,7.085527151214764,2.801088853656814
-1.1480167319707055,-2.1981068844828147,-4.610430530122364,-2.025234852963005,2.561553268714706,3.8547898833992815,3.1279762997396383,2.1136898147428727,0.27419100989430684
-3.0342017261406125,-3.617523535704493,-8.826099639141777,-7.257165210411871,-3.260319521751121,-1.6389353648308813,-1.1183972937267401,-1.3141561982986407,-1.4265970515164115
-4.906288971139769,-5.019652006823824,-12.85587784370902,-12.14123259016408,-8.421822487842201,-6.795497311920605,-5.456528344625874,-4.841410340102815,-3.0814888132228377
-5.718567916768967,-5.683810036265502,-15.28911037739326,-15.056767747096398,-11.098059675766445,-8.934115546509448,-7.18111957319353,-6.2695184565333335,-3.849944589715694
-6.02656667915366,-5.9494046006621994,-16.865466286375966,-16.955104127906726,-12.663821461629736,-9.905324060003215,-7.875778712279488,-6.847888277776769,-4.2300852470075965
-5.11284020988663,-4.994412428511849,-15.44781520251694,-15.793222381593155,-11.871571895721317,-9.067275897182014,-7.113295808985574,-6.141223799101475,-3.797296821469114
-3.6686733387902546,-3.5137807829914913,-12.863625397263318,-13.395490897612461,-10.11787090059132,-7.488375034587515,-5.751294218955396,-4.904125242499858,-3.0316389083792887
-3.139352241921153,-2.96312261502894,-12.645313584214609,-13.300845259792643,-10.098720923278897,-7.250080402259243,-5.479083331272682,-4.6320021637338,-2.890675415570062
-3.577320829603926,-3.3675117348812424,-14.681354523539586,-15.6110342186626,-12.064943256239872,-8.491968109209266,-6.389446164927277,-5.3997873371468295,-3.422433926210707
-4.360470816002474,-4.044865226447395,-17.54378416287507,-19.247452749610247,-15.451237122017822,-10.661460422817958,-7.962507425507144,-6.718048952036629,-4.2842002645285815
-4.5620961079498095,-4.1468365022838345,-17.762056053601995,-20.041259633540246,-16.792476299613554,-11.505825445773525,-8.525553906721838,-7.168038257205802,-4.539193451372584
-4.653903802486175,-4.146484239550118,-17.50150268778311,-20.208002142174116,-17.65988786061631,-12.084110336190946,-8.887294227785004,-7.445117304166414,-4.671246792798113
-4.698786613255329,-4.1032547347610855,-17.03443934202793,-20.075226910284727,-18.27933398256577,-12.548181877283644,-9.162243500304422,-7.646856493509051,-4.746823509015719
-4.718586577059206,-4.036943098997571,-16.453869311686237,-19.764237524726912,-18.732216487599644,-12.954274414474488,-9.392679528091028,-7.808922016240726,-4.789579312883257
-4.723327766668894,-3.9562122630337675,-15.802477006399114,-19.333975313233548,-19.05646460794468,-13.329969093052844,-9.599649644469801,-7.948824191413632,-4.8105957732633415
-4.716813821781357,-3.8640213207939538,-15.097621007396812,-18.811258541839194,-19.266527292093837,-13.686852847978393,-9.79280095813882,-8.074378855751807,-4.814313978797638
-4.692001788900494,-3.7532579163158415,-14.313123240256996,-18.172364868579514,-19.337173256692626,-14.009106199800403,-9.962104682569915,-8.17671557216328,-4.793968709251212
-4.579936054455978,-3.558339072453754,-13.171644558482445,-17.11534178809147,-19.019728640203056,-14.131332091440795,-9.986738637526978,-8.15278166140635,-4.67974933088378
-3.731516167685782,-2.6635306190047605,-9.031387180608759,-12.736844612014654,-15.975422593001912,-12.503279957884205,-8.71151432674756,-7.019289061958988,-3.812004224238297
-2.8726841286928297,-1.8254671765145378,-5.4046404783734685,-8.407722448814374,-12.49727993757089,-10.662828009912035,-7.334611846218794,-5.815055333033803,-2.9305406882755527
-2.5787066432306256,-1.5346514679725485,-4.1866176225529355,-6.731702606002326,-10.945265591976709,-10.108113566987011,-6.95287534580162,-5.461353451868302,-2.6236538918124204
-2.4089024953584777,-1.3567323102014635,-3.439914568145257,-5.655545259973507,-9.829537323792147,-9.833059117471274,-6.807890879348669,-5.307943249391196,-2.4426794070096265
-2.298937582572562,-1.2317463546687977,-2.9097887875767645,-4.868009522555886,-8.924068650948325,-9.676801281519007,-6.785214413712372,-5.258190897709749,-2.322033779249038
-2.222351096233346,-1.1357785499982933,-2.4977624423037814,-4.2434719295883285,-8.137225738034056,-9.56620633947685,-6.836129164955572,-5.272146221977029,-2.234890914249371
-2.159251007109799,-1.0505592397746486,-2.128096163889545,-3.691257295235368,-7.404196373520929,-9.445738899598894,-6.924024015536005,-5.320688153363995,-2.1617154635812663
-2.0508065520640573,-0.9173744425967496,-1.5438786785294796,-2.9459649269489443,-6.540792985963417,-9.18225479297531,-6.953362494001805,-5.324606730148085,-2.0477250760139976
-1.4464066805127322,-0.26652010929525755,1.3651261647014452,0.098288025965007,-4.1051031673655904,-7.853839759080408,-6.263818859650768,-4.716408570318542,-1.4766738254183898
0.5203427749590582,1.6989965498716595,9.676497217286437,8.582082685499595,2.2085265679983537,-3.570375215452883,-3.2897250251185417,-2.1827300527405664,0.2863520270272466
1.6258878700437351,2.6815814561854148,12.95478813161546,12.093384184071546,5.296370447959588,-0.933272760659662,-1.3339638383481427,-0.5622873036744259,1.2035248104708243
2.499153143424623,3.4273506406181693,15.105444361281943,14.459047160350716,7.597154982731983,1.2238601690659183,0.27465894888907255,0.757787245812459,1.9107726738646051
3.268553275752219,4.06607334175511,16.754896701419028,16.307946727913762,9.523106559568662,3.1686465737735845,1.7391653825920597,1.9511414130692997,2.5246540365101997
3.978119589560945,4.64012754992947,18.103613710248183,17.846879155954987,11.220658429804196,4.9967457688469175,3.13565026306489,3.082195904243105,3.085303467154344
4.686177677220417,5.194765987252897,19.32286240002903,19.281345781645687,12.909424571490224,6.8811596807014,4.592018010936836,4.255029314296496,3.6484885307760297
5.712969517105216,5.948899616277683,21.09268892338261,21.543024988691897,15.849989318357,9.924716488015148,6.880420129528648,6.08620060819509,4.527137585511497
8.377362538131083,7.790257997268799,26.108424452944362,28.377205566269776,25.158915440650283,18.73481764412077,13.237446387953376,11.152000129836603,7.011592461064654
10.354873995888578,9.144848905326672,29.641009160225728,33.15005382526131,31.352064514645186,25.090997813535726,18.119453085207848,15.037669993783007,8.823532765896388
11.858374568903711,10.104255338673633,31.747578916432637,36.153639666255536,35.415712464207914,29.87343473192224,22.171048496782483,18.260423497737847,10.175717992423822
11.804314695679421,9.537967020060123,27.440021626098755,32.53737098040738,34.354768482991176,31.007893175533276,23.74529905043589,19.414193479677703,10.09937518146106
9.853775836570579,7.552990636117067,21.008663640621414,26.322214398736175,30.074260648305895,27.79248300254333,21.238654403470594,17.228761483097543,8.68220225834169
7.803594906635234,5.501432352211828,15.767949593642761,21.202317796735745,26.277594307736596,24.704945788184826,18.741011028337038,15.040692146564963,7.331286245735245
6.340414964785917,4.0539440293837155,12.572288942183329,18.03846115060116,23.796354081079492,22.5861882050431,17.011774990344126,13.52632900824528,6.4215153971418735
5.242515217637752,2.9859056305478315,10.477631105228278,15.896258339141282,22.01134429727633,20.998240153640236,15.71408412611923,12.395038213877376,5.764362050714571
4.376866302350311,2.1693864266829017,8.119342353533622,13.40779789012002,19.940365481557816,19.329667166663963,14.412680050579919,11.286889549179902,5.10779826688582
3.466611822444479,1.3410916179717165,5.7377282674653225,10.81032152711993,17.596364306668598,17.407361845887998,12.943010799550327,10.049908167885096,4.393691471353796
1.6219940976152678,-0.10918568894479581,1.4609354459520572,5.508155250592961,11.440237355077079,12.166219069112175,9.180897416261816,6.988017341129607,2.7526609565594407
-1.2326652168545214,-2.2285745697322707,-4.892924123904946,-2.698797167364257,1.4907858442291946,3.36433376697813,2.848775878796709,1.8868910341205332,0.11294198436722837
-3.131483146681837,-3.6706868723951276,-9.234034516044357,-8.07388556032217,-4.346061722054762,-2.1377308775614736,-1.389424588519103,-1.5367120564667591,-1.6017691362078494
-4.783848623380089,-4.871529183491794,-12.834486358095914,-12.490870795793514,-9.019868821201086,-6.923339645516,-5.408934881211922,-4.787236449791488,-3.105690201251593
-4.533289725702345,-4.427001866268314,-12.493306707857444,-12.623621182074318,-9.619316458903397,-7.655717440027882,-6.0634401926183354,-5.244960547038438,-3.1849187844124174
-3.8621061965308305,-3.717680808796672,-11.760998679973989,-12.149362346028333,-9.303576262840622,-7.183951352010196,-5.596719455231418,-4.799192227155016,-2.917047167692505
-3.430860259307516,-3.261991128068185,-11.838480019341088,-12.400401726142013,-9.465814034333484,-7.07959774313097,-5.4302106682284474,-4.619850851052115,-2.8268150107664245
-3.2236159143585335,-3.041719275487018,-12.525417715616074,-13.184364609363993,-10.012730545979384,-7.281658090073035,-5.518924609796161,-4.668991116091941,-2.8895714510754944
-3.2234200349310407,-3.040148865852528,-12.786972404607711,-13.488538454291696,-10.25208931779236,-7.393910029605486,-5.592467715746911,-4.728287900369448,-2.9418411915181735
-3.6738282976361867,-3.4684931608801937,-14.84492627597174,-15.753645785662988,-12.0856409856233,-8.563965235676486,-6.459480077995669,-5.464063210751648,-3.4494261852443704
-4.64501021383123,-4.34021262674195,-18.5732368223875,-20.243565464688032,-16.030805126061978,-11.108581201716838,-8.323594872067776,-7.035108444520442,-4.485840663602928
-4.96607909716072,-4.554496133418895,-19.28278864735633,-21.595855969696068,-17.805660401453647,-12.232390693752324,-9.093871377625542,-7.66124425327973,-4.855852690024983
-5.137264265204648,-4.62317523735971,-19.328750302042387,-22.127082001180522,-19.004351674644518,-13.027318873402523,-9.610472598094592,-8.067431090567787,-5.0684015751907365
-5.2316678152542275,-4.6184509402441805,-19.03672027993414,-22.210471750638867,-19.85836314549241,-13.655192039276308,-9.998274254111372,-8.361118757522162,-5.198169816018261
-5.277565606997829,-4.567675365281062,-18.52856725612768,-21.997364581830176,-20.45654505160083,-14.178423631537944,-10.306138774630556,-8.584218372720969,-5.27378685361052
-5.29033784113607,-4.485395009330821,-17.869663944224595,-21.571884677968548,-20.848868812848615,-14.630874885428186,-10.56131941483701,-8.759960072175751,-5.310604836873703
-5.279363976489598,-4.380340756997052,-17.101309030841268,-20.987624430720423,-21.067549777527528,-15.032552133416127,-10.780996203134592,-8.902896024244827,-5.317839527057853
-5.2501376210583315,-4.257570232718268,-16.250381627990826,-20.279795800016405,-21.133110921434675,-15.393856508900912,-10.975746169489671,-9.021941916279522,-5.300789503959088
-5.201603246358692,-4.115940372956934,-15.31802657994103,-19.45420977258951,-21.04418105443967,-15.708925470426108,-11.144709970878687,-9.116308937694892,-5.258171374284154
-5.0909551019232575,-3.9144514085659936,-14.133427576676658,-18.3293850134946,-20.6515392064919,-15.872210430736821,-11.213111771943058,-9.122302864980576,-5.146338406626727
-4.410174304709255,-3.16720556506481,-10.60031516248409,-14.634609996176087,-18.148104967645423,-14.67786337656916,-10.281956312709685,-8.2738825583598,-4.448650538941878
-3.486123776907087,-2.2483433796576096,-6.571232273561685,-9.918888320297894,-14.412243892105925,-12.727379055342547,-8.845968599637786,-7.009707196796351,-3.498719637090911
-3.095433791680602,-1.8678382754410432,-4.993756505678547,-7.765952097845699,-12.393814955088661,-11.915600568055416,-8.318545462716392,-6.529519272809062,-3.0923813678857996
-2.8231049086009508,-1.6044346856118028,-3.9404153596369356,-6.257880160206194,-10.764737200055869,-11.319179433648662,-7.997292014802537,-6.229302508621753,-2.807215101134075
-2.6129689855465816,-1.4011208307334762,-3.148438343687995,-5.10209554764738,-9.366846845555475,-10.810556884423455,-7.7876309874894325,-6.0287596574374,-2.5858460378935524
-2.4259249483273506,-1.217936359825523,-2.4368049045513636,-4.095547478190405,-8.091362853208725,-10.30346022308902,-7.625904571549426,-5.874774984833601,-2.3900193350066457
-2.1155943255670193,-0.904188154825178,-1.1320586999531146,-2.549801871719984,-6.4799379356084055,-9.493178600049395,-7.288767655831344,-5.577314350281229,-2.0835270151429843
-0.6036016004589178,0.6569192592603283,5.755688849881292,4.521446490016528,-1.111821119424988,-6.1763150391904755,-5.179192218643966,-3.7621229415606914,-0.6759540150333112
0.9335385951133272,2.0789939065963123,11.170404799036014,10.207567597806074,3.536217935158753,-2.570484284751864,-2.558365421068086,-1.5721340735320426,0.6556475819013922
1.921789529492454,2.9270365482602916,13.819379443131007,13.108709810156398,6.288649321979649,-0.09263425603592694,-0.7285309227932879,-0.06878989671571482,1.4762663777433898
2.7526726886020185,3.6170804482786676,15.734051460139277,15.247925582773657,8.478049351759394,2.0492716164256843,0.8666572301823908,1.2312977148794226,2.1541182170852586
3.494786464814791,4.217916780002668,17.244294386765535,16.95989965913228,10.328522942728016,3.994575442515438,2.3367027197837684,2.421973934453893,2.751125472543109
4.177813085224988,4.758514847763583,18.486075881190008,18.385665908399048,11.94149382057034,5.802320482152775,3.731130267130317,3.545780420148112,3.2941474691336463
4.831402483841383,5.2633389031121105,19.557457612742876,19.637685112248636,13.42695446038277,7.550332330645236,5.1109170618989594,4.653359134495461,3.811039605780379
5.571554670620651,5.8117884163567535,20.70761172049989,21.050686269716014,15.23226620971037,9.634122418682288,6.757156955045076,5.96971717175026,4.414558922629472
7.332516912425863,7.022039331282084,23.769206619567044,25.1812849211562,20.97032639952198,15.379132222368524,10.990549146506028,9.337867572947415,6.01748771389253
9.772981430811736,8.64313393575885,27.936202810866874,30.98564242822555,29.104722114634818,23.57492922124081,17.109161949466326,14.19516398667637,8.287056463046904
10.764034994863675,9.009902268041923,27.215683138807062,31.296390586351123,31.69757318931289,27.550184502938034,20.55369464248628,16.869334743935003,9.17467084519352
10.545095294604774,8.295384451868495,22.324763349534553,27.153536790859736,30.472771929628866,28.407758938581775,21.80076386936086,17.747945063174352,8.993255345675896
9.966401774139426,7.682604070181616,20.50611736976241,25.621575305310113,29.612590306677056,27.61695964491771,21.15724153638886,17.18021682998629,8.636585524172057
8.907241559892565,6.618030960561726,17.99332866717497,23.298701879241044,27.924058846793017,26.0991867722741,19.90352381076793,16.08155565471826,7.980385033874949
6.643042450944985,4.350326811866579,12.690930080500989,18.114778277309714,23.9908219947495,22.84166012736906,17.23998448634237,13.736535927743386,6.536352089858379
5.108429626069044,2.831445234754293,9.644345163317201,15.090040307418313,21.572142660193066,20.728401414161098,15.496635589561556,12.202630390921412,5.619559608757476
4.120031794920089,1.8807726664101707,7.519516347778706,12.883153901567834,19.737262339510597,19.15108128436424,14.228394209110622,11.10666143948234,4.980749449864213
3.263789822436313,1.0879654856133656,5.172956010549698,10.374617949260506,17.595506396370073,17.40557867954549,12.8799298752224,9.966316836615194,4.314815105862805
2.0884826332255093,0.10681268566513603,2.277367793081299,7.028779768092396,14.13660758140436,14.396409934326293,10.657908687317233,8.140302745186318,3.321694489735226
-0.7232366055432511,-1.9321943143799103,-3.730057762857122,-0.6935743175599697,4.443299757930564,5.449772410203094,4.248249151121876,3.002194003611526,0.7209172358043642
-2.8157051834013314,-3.4795963545673607,-8.308623356329157,-6.430431418668802,-2.1799566004729978,-0.8293530990206598,-0.5381586287136544,-0.849580834668919,-1.1814271665533838
-4.7916729955297965,-4.94074221775171,-12.501506512105703,-11.551879793371677,-7.728251348071766,-6.3808261271966975,-5.177026145429377,-4.612959042361439,-2.9385794201859974
-5.641166498522864,-5.630767364708501,-15.006608559251235,-14.583091907103901,-10.579329744961413,-8.639427149033684,-6.982022129987609,-6.105877684132793,-3.7421653292904646
-6.069694125117386,-6.008785171842377,-16.85922723078446,-16.803532050756075,-12.45199429191914,-9.831723761503785,-7.844953337182998,-6.8287839240649255,-4.21001483178388
-6.210091188918242,-6.111191596527314,-18.041334925407774,-18.276091853884555,-13.676390618505675,-10.541893276276038,-8.332938256431394,-7.2265047310128,-4.479749595963837
-4.669610317854575,-4.525540088742151,-15.092253779256465,-15.573972610799991,-11.746357235326116,-8.81576471698197,-6.848379567844411,-5.880274720512814,-3.6431004902005375
-3.7129926681695524,-3.5263371570007207,-14.172944411493296,-14.902222566865404,-11.354116402002328,-8.190476450401924,-6.223004753557554,-5.280069720153036,-3.2990207764891015
-4.508284187694546,-4.229265978348713,-18.26487172128476,-19.68103253680549,-15.439972505854577,-10.743056973602961,-8.063331474265677,-6.817427581287513,-4.345910877072578
-4.827633596777126,-4.432093035828563,-19.0098216388908,-21.160062935942534,-17.368126384878092,-11.944970733545864,-8.885210013886718,-7.484191166852385,-4.748295062886261
-4.920212156814014,-4.422628503512064,-18.75000011074939,-21.40011512843702,-18.359682390451677,-12.585596425158705,-9.285575679163843,-7.790802830414424,-4.89933437911886
-4.949944535629122,-4.358020302385456,-18.211404442213457,-21.23332461140902,-19.00847454434191,-13.057219785639111,-9.560341953908871,-7.989920972137773,-4.9724651742490495
-4.950693294663853,-4.268824256220398,-17.542301061898517,-20.85389471755112,-19.45094989380963,-13.448890720573308,-9.776039050807434,-8.137753645628587,-5.005549547680745
-4.935989717776481,-4.16651756293598,-16.80180658534584,-20.34522693171985,-19.746194461206727,-13.7994430510164,-9.961768993690287,-8.258561915913148,-5.014327591055671
-4.912038856115365,-4.055936398557721,-16.0177015896268,-19.749202615039277,-19.923431221925636,-14.128371359463971,-10.13268827555143,-8.36475355839928,-5.006330757009112
-4.879472801562996,-3.9369408328843893,-15.19520772453395,-19.078713908758406,-19.98935958818312,-14.43992161004329,-10.293325736780021,-8.459759230039863,-4.983001816494267
-4.820506022322006,-3.7923293548926322,-14.266118376660497,-18.26241807843866,-19.88221622654452,-14.692003209908554,-10.414620530328348,-8.518562675254929,-4.926826024243152
-4.576971712627895,-3.472845289063017,-12.597558455265297,-16.60050540984606,-19.02954809731343,-14.503264121678384,-10.215526519644344,-8.302072636498306,-4.677494285578639
-3.251688883476381,-2.151540490797743,-6.730508057100566,-10.108725741731195,-14.085116012491993,-11.665912345176336,-8.064851926725709,-6.4285385709495815,-3.3237412138411715
-2.689230242357421,-1.6195465685146995,-4.523418451585986,-7.226921187904635,-11.511544295848381,-10.43950595608868,-7.184284308678763,-5.654074316552329,-2.744624796415615
-2.4414783233497377,-1.3782681308682547,-3.5418610953592995,-5.834504068698441,-10.079142827638018,-9.948968097932529,-6.879721409354723,-5.3686677290056135,-2.4852299272174414
-2.2926055063317547,-1.223898981060089,-2.9102137203931986,-4.907918252005486,-9.01795846758762,-9.678765746828239,-6.769768533144092,-5.247708467899164,-2.325766481434983
-2.1947261223743597,-1.1131655425298692,-2.4508973244152754,-4.218602768639344,-8.151984736760674,-9.50409719867465,-6.767182666153365,-5.218375384816032,-2.217559147271544
-2.1229663508343966,-1.0238219239200432,-2.073887767784093,-3.651933592179858,-7.391857180487241,-9.356000433523699,-6.8256146187877915,-5.243180080303766,-2.135704911726111
-2.037020284893598,-0.9167509957396949,-1.610611244291976,-3.025968523747636,-6.605354700950186,-9.137423546152737,-6.876589781441547,-5.26607766555057,-2.0418909461535644
-1.697660386573584,-0.5442103131571353,0.05299212440633937,-1.2234060192859255,-5.020608012065314,-8.34923616313951,-6.56198195997526,-4.9811028867312865,-1.7133140530208741
0.03797800835141117,1.2309302130691242,7.832751662726748,6.692957052657667,0.8266868752781174,-4.577373352886725,-4.0474808184193805,-2.8264695786369676,-0.11989226797330212
1.251333444879559,2.3258634101339988,11.77820391047102,10.867776916366678,4.335907609863434,-1.6870157077895385,-1.9122738930270884,-1.052675436582836,0.9093211634522137
2.149719977828747,3.0982110277707116,14.148999896888627,13.451615181355095,6.7647096018412505,0.5407653738820226,-0.2538346141067724,0.3096519705660914,1.6474168269775187
2.929135545853217,3.7488573720254283,15.929707368576622,15.429369376473831,8.761428130079876,2.5175067774841526,1.2318043528098404,1.5213398150743218,2.276574987445611
3.637458364840516,4.325822293756818,17.359942374221642,17.04253354456078,10.483301183395746,4.341482578691742,2.6230411238435547,2.649420136678849,2.8406230039782465
4.29779175847478,4.851472440901392,18.549985219603126,18.40468850349088,12.009662506736309,6.059843874975942,3.96034752677744,3.728501165855994,3.360896174224536
4.939897223661304,5.34935166002844,19.5939852744405,19.62595768504658,13.452485385031368,7.756162568471653,5.3085865570756825,4.81197315743384,3.8658796670722286
5.705609813724735,5.915748339236637,20.7923401945291,21.11408884317637,15.361858242791108,9.918975844373042,7.013868946554957,6.176465494793058,4.493944403432803
7.716492006464019,7.294512179146479,24.357585912028597,25.957419143400198,22.083871829856545,16.52973742472341,11.856600679886498,10.03089258325781,6.34133145011022
10.061168867127073,8.848730117072641,28.314388404533624,31.489940433332514,29.793717155546453,24.363512635506073,17.763327573163043,14.72114310143231,8.516161325565367
10.958879383448192,9.101738885320827,27.004817708046417,31.204475461395695,31.909055002254732,28.11848164985436,21.13558057428901,17.330177717945407,9.300703081231939
10.831779105127653,8.58259858984917,23.29159874862617,28.13773459490353,31.12944958497415,28.88893397977107,22.194897793666197,18.09088132073443,9.208018284374655
10.053055289509384,7.785109549218712,20.889387084127872,25.9912252028366,29.768449472763876,27.697722842708725,21.227968822648503,17.248798763839634,8.693881963569568
8.303178973978762,6.027066011358151,16.483195948541603,21.766123692083656,26.666551297629606,25.11338689144232,19.120921401898357,15.399820014637415,7.558155515500446
6.576659548785081,4.305822816622819,12.480565920975847,17.859010430454585,23.67538710828445,22.599650833736575,17.06820904782134,13.59824671714321,6.46078689944762
5.220483074739485,2.968669777513595,9.863914859780225,15.257644884921486,21.559425478469787,20.725311871141677,15.522061251739219,12.240375327397206,5.656274349806751
4.282140937237858,2.0680424137148927,7.953063553384746,13.269467912376138,19.870199217561627,19.248500952697658,14.331038129406567,11.211063610900652,5.061081350346966
3.449324810641538,1.2960261245430034,5.730483130283947,10.890818309010358,17.81700795593327,17.57211077493889,13.033103849527304,10.11231453963483,4.419555431767853
2.3045614618472388,0.3294812789996912,2.925564960638925,7.643679379105927,14.463828917236112,14.71721113452093,10.922164072432128,8.371167369619597,3.4614267246361416
-0.6416785056783887,-1.8314796179312882,-3.482232824554893,-0.6609696010939358,4.083582040889636,5.464372906717948,4.3272453717017365,3.068951592569585,0.7315937645465863
-2.836486439109143,-3.466755998527785,-8.351822003565138,-6.790114552098592,-2.918768284856289,-1.1001964650532217,-0.6388606977236219,-0.930639997678741,-1.2670758259678916
-4.7734175124745954,-4.895918219943301,-12.526782648594658,-11.900552584705727,-8.384616459649438,-6.606783126588295,-5.216383814530124,-4.637383540860558,-3.0027256571338707
-5.4668266494660225,-5.390060945177589,-14.513711975032694,-14.420393080220776,-10.8654080962943,-8.777038919717654,-7.020645082033287,-6.105586521124118,-3.719721644467781
-4.4270432486624465,-4.297665183813271,-12.663704450191073,-12.905669105836477,-9.863017551566674,-7.76885425838614,-6.114014171783929,-5.268988568402111,-3.1977533066695862
-3.8005553917344397,-3.6371586312186297,-12.020124388872182,-12.501183427494816,-9.599063531297812,-7.34272314654417,-5.6885034963050325,-4.861594020763083,-2.956987793515712
-3.3442566483017835,-3.1575494740899304,-12.096161178669194,-12.742584198617871,-9.765505934427921,-7.230222458529777,-5.512420262057834,-4.6726070151683485,-2.864430168298668
-3.244702360815737,-3.0459231064744268,-12.855567310898712,-13.604280809858977,-10.420039339288373,-7.532453433819986,-5.690472263744678,-4.804290422125281,-2.9797792124980655
-3.8509896046145937,-3.620818789615913,-15.545240415845894,-16.57552446602708,-12.835179636874443,-9.083894288824167,-6.841393596582247,-5.781262419563341,-3.649401867825445
-4.722975940049457,-4.383636163904499,-18.744708817966597,-20.584003673192814,-16.49743570525455,-11.435934483103631,-8.551373256500723,-7.21679606880052,-4.585325703558415
-5.025967267814124,-4.57609792463992,-19.336096079655025,-21.80883088836428,-18.222008186904635,-12.53531986742954,-9.298534793565864,-7.821145012350493,-4.93576816871429
-5.197108631716888,-4.6406506824695715,-19.342712815840066,-22.293518768134078,-19.42140652804432,-13.347675855471046,-9.823630944293207,-8.232394346800804,-5.146445001275036
-5.296720909066368,-4.636985433755543,-19.035772431415225,-22.355239595793847,-20.28409734241233,-14.00573739995108,-10.22975201999595,-8.539325844997801,-5.279319732710352
-5.349393245595359,-4.5890299765013784,-18.523304718182636,-22.130574076873998,-20.887274964742204,-14.562706028621042,-10.559277803279219,-8.778374215406059,-5.359485405035094
-5.369072473269267,-4.510000826826883,-17.86534780874409,-21.69823385214582,-21.2779699515661,-15.048455247407048,-10.836942305381209,-8.970667310576044,-5.400975511922893
-5.3645056055952995,-4.408006666562455,-17.1004576052405,-21.10926060924933,-21.488437303008226,-15.48090910780981,-11.078865450116675,-9.129886619421695,-5.412446552077412
-5.340597682503556,-4.287506398909615,-16.25260780510394,-20.396116453104412,-21.539099267694137,-15.868419656669833,-11.294637590043934,-9.264143361177746,-5.3986460238290945
-5.29369773161496,-4.144842095389322,-15.311615850039919,-19.552664666681324,-21.42090052021324,-16.19822867425569,-11.478813919850843,-9.368794592432447,-5.355673346848485
-5.158313661069881,-3.91729310104652,-14.012196985504573,-18.29507144771993,-20.904783764631024,-16.31034019956477,-11.516373354603433,-9.345926998566535,-5.216812877365277
-4.266413999236131,-2.9691913235582104,-9.62145714213884,-13.634268490499439,-17.597997220347025,-14.611601936092471,-10.220307284244557,-8.184962324860246,-4.302589542988712
-3.5221076391674844,-2.2312789869273204,-6.417718995338377,-9.737748889989476,-14.417018556811016,-13.051581738281712,-9.100327726098072,-7.191523792520226,-3.53475963413377
-3.1606371379921114,-1.8777227321737484,-4.959004798648284,-7.722445312286864,-12.471631067092062,-12.294842154734361,-8.635668104935672,-6.764315311412118,-3.157658176640153
-2.897878529925656,-1.6226021137463258,-3.9430129025485523,-6.260767493292698,-10.851824749150946,-11.701499480120445,-8.341947018905838,-6.48795383712484,-2.881774537807394
-2.682814683494728,-1.4141161382711778,-3.1316450302100507,-5.088051980717468,-9.417526617295467,-11.155577032148633,-8.133230455546558,-6.290063823873118,-2.6555738446814883
-2.4398115231203494,-1.174527899175629,-2.174263247956416,-3.835080173137827,-7.945811953693064,-10.4961968200755,-7.890363619250081,-6.070223170113087,-2.4073119500872804
-1.6599388162051754,-0.3688521136444589,1.355903645410234,-0.07386654391623346,-4.794791578263881,-8.691264387225086,-6.877845230210821,-5.1941306001492915,-1.6630438935342273
0.2501214579832707,1.4969289555601133,9.15330890281459,7.979891670987257,1.4346477519805128,-4.365311161839689,-3.8626523648958386,-2.642393882858542,0.06008580397375225
